name,color,decor,date found
paka,red,,7/20/24
pakaa,purple,,7/23/24
pakae,white,,7/23/24
pakai,red,,7/23/24
pakao,grey,,7/23/24
pakau,red,,7/23/24
pakay,blue,sticker,7/23/24
pake,red,,7/19/24
pakea,blue,,7/23/24
pakee,purple,,7/23/24
pakei,white,,7/23/24
pakeo,white,clover,7/23/24
pakeu,red,,7/26/24
pakey,grey,,7/23/24
paki,pink,coral,7/20/24
pakia,grey,,7/23/24
pakie,blue,,7/24/24
pakii,purple,,7/24/24
pakio,purple,,7/22/24
pakiu,purple,,7/23/24
pakiy,purple,,7/23/24
pako,yellow,,7/22/24
pakoa,purple,,7/23/24
pakoe,yellow,,7/24/24
pakoi,white,,7/24/24
pakoo,blue,,7/24/24
pakou,blue,,7/24/24
pakoy,grey,,7/24/24
paku,blue,sticker,7/19/24
pakua,yellow,coral,7/26/24
pakue,red,,7/25/24
pakui,yellow,summer sticker,7/26/24
pakuo,blue,,7/26/24
pakuu,blue,,7/26/24
pakuy,purple,,7/26/24
paky,purple,,7/22/24
pakya,grey,,7/25/24
pakye,yellow,,7/26/24
pakyi,white,,7/26/24
pakyo,blue,,7/26/24
pakyu,red,summer sticker,7/26/24
pakyy,blue,,7/26/24
peka,red,,7/25/24
peke,purple,,7/25/24
peki,yellow,coin,7/25/24
peko,yellow,,7/25/24
pika,red,,7/19/24
pikaa,red,,7/19/24
pikae,purple,,7/20/24
pikai,yellow,,7/19/24
pikao,red,,7/19/24
pikau,red,,7/19/24
pikay,blue,,7/22/24
pike,yellow,,7/19/24
pikea,yellow,,7/19/24
pikee,blue,,7/19/24
pikei,yellow,,7/19/24
pikeo,blue,,7/22/24
pikeu,blue,,7/19/24
pikey,yellow,,7/22/24
piki,red,,7/19/24
pikia,yellow,,7/19/24
pikie,yellow,,7/19/24
pikii,yellow,,7/19/24
pikio,red,,7/19/24
pikiu,yellow,,7/19/24
pikiy,blue,,7/21/24
piko,yellow,,7/19/24
pikoa,purple,,7/20/24
pikoe,yellow,,7/20/24
pikoi,purple,,7/20/24
pikoo,yellow,,7/19/24
pikou,red,,7/19/24
pikoy,red,,7/21/24
piku,red,,7/19/24
pikua,purple,,7/22/24
pikue,blue,,7/20/24
pikui,red,,7/20/24
pikuo,blue,,7/22/24
pikuu,red,,7/19/24
pikuy,purple,,7/21/24
piky,red,,7/19/24
pikya,red,,7/23/24
pikye,red,sticker,7/21/24
pikyi,white,coral,7/23/24
pikyo,blue,,7/20/24
pikyu,yellow,,7/24/24
pikyy,blue,,7/23/24
poka,pink,,7/23/24
poke,pink,,7/23/24
poko,red,,7/22/24
poku,purple,,7/20/24
pyky,yellow,,7/21/24